year	author	title	id	lang
1845	Willkomm, Ernst Adolf (1810-1886)	Weisse Sclaven oder die Leiden des Volkes : ELTeC ausgabe	DEU001	de
1863	Auerbach, Berthold (1812-1882)	Der Lehnhold : ELTeC ausgabe	DEU002	de
1859	Ruppius, Otto (1819-1864)	Der Pedlar : ELTeC ausgabe	DEU003	de
NA	Otto, Louise (1819-1895)	Nürnberg. Zweiter Band : ELTeC ausgabe	DEU004	de
1855	Kurz, Hermann (1813-1873)	Der Sonnenwirt : ELTeC ausgabe	DEU005	de
NA	Weerth, Georg (1822-1856)	Fragment eines Romans : ELTeC ausgabe	DEU006	de
1841	Stifter, Adalbert (1805-1868)	Die Mappe meines Urgroßvaters : ELTeC ausgabe	DEU007	de
1863	Auerbach, Berthold (1812-1882)	Der Lautenbacher : ELTeC ausgabe	DEU008	de
1859	Ruppius, Otto (1819-1864)	Das Vermächtnis des Pedlars : ELTeC ausgabe	DEU009	de
1848	Aston, Louise (1814-1871)	Lydia : ELTeC ausgabe	DEU010	de
1855	Freytag, Gustav (1816-1895)	Soll und Haben : ELTeC ausgabe	DEU011	de
1847	Aston, Louise (1814-1871)	Aus dem Leben einer Frau : ELTeC ausgabe	DEU012	de
1856	Auerbach, Berthold (1812-1882)	Barfüßele : ELTeC ausgabe	DEU013	de
1840	Tieck, Ludwig (1773-1853)	Vittoria Accorombona : ELTeC ausgabe	DEU014	de
1840	Arnim, Bettina von (1785-1859)	Die Günderode : ELTeC ausgabe	DEU015	de
1846	Gerstäcker, Friedrich (1816-1872)	Die Regulatoren in Arkansas. Aus dem Waldleben Amerikas : ELTeC ausgabe	DEU016	de
1843	Stifter, Adalbert (1805-1868)	Die Narrenburg : ELTeC ausgabe	DEU017	de
1845	Schopenhauer, Adele (1797-1849)	Anna : ELTeC ausgabe	DEU018	de
1846	Stifter, Adalbert (1805-1868)	Zwei Schwestern : ELTeC ausgabe	DEU019	de
1846	"Hahn-Hahn, Ida Gräfin von
               (1805-1880)"	Sibylle : ELTeC ausgabe	DEU020	de
1843	Lewald, Fanny (1811-1889)	Jenny : ELTeC ausgabe	DEU021	de
1844	Arnim, Bettina von (1785-1859)	Clemens Brentanos Frühlingskranz : ELTeC ausgabe	DEU022	de
1841	Stifter, Adalbert (1805-1868)	Feldblumen : ELTeC ausgabe	DEU023	de
1858	Gutzkow, Karl (1811-1878)	Der Zauberer von Rom : ELTeC ausgabe	DEU024	de
1855	Kürnberger, Ferdinand (1823-1879)	Der Amerika-Müde : ELTeC ausgabe	DEU025	de
1879	Vischer, Friedrich Theodor (1807-1887)	Auch Einer 2 : ELTeC ausgabe	DEU026	de
1876	"Ebner-Eschenbach, Marie von
               (1830-1916)"	Bozena : ELTeC ausgabe	DEU027	de
1918	François, Louise von (1817-1893)	Die letzte Reckenburgerin : ELTeC ausgabe	DEU028	de
1879	Raabe, Wilhelm (1831-1910)	Alte Nester : ELTeC ausgabe	DEU029	de
1864	Freytag, Gustav (1816-1895)	Die verlorene Handschrift : ELTeC ausgabe	DEU030	de
NA	Raabe, Wilhelm (1831-1910)	Der Schüdderump : ELTeC ausgabe	DEU031	de
1874	"Meyer, Conrad Ferdinand
               (1825-1898)"	Jürg Jenatsch : ELTeC ausgabe	DEU032	de
1855	François, Louise von (1817-1893)	Die Geschichte meines Urgroßvaters : ELTeC ausgabe	DEU033	de
1879	Vischer, Friedrich Theodor (1807-1887)	Auch Einer 1 : ELTeC ausgabe	DEU034	de
1878	Fontane, Theodor (1819-1898)	Vor dem Sturm : ELTeC ausgabe	DEU035	de
1879	Keller, Gottfried (1819-1890)	Der grüne Heinrich2 [Zweite Fassung] : ELTeC ausgabe	DEU036	de
1871	Marlitt, Eugenie (1825-1887)	Das Heideprinzeßchen : ELTeC ausgabe	DEU037	de
1863	Raabe, Wilhelm (1831-1910)	Der Hungerpastor : ELTeC ausgabe	DEU038	de
1861	Spielhagen, Friedrich (1823-1911)	Problematische Naturen. Erste Abtheilung : ELTeC ausgabe	DEU039	de
1866	Marlitt, Eugenie (1825-1887)	Goldelse : ELTeC ausgabe	DEU040	de
1868	Marlitt, Eugenie (1825-1887)	Das Geheimnis der alten Mamsell : ELTeC ausgabe	DEU041	de
1865	Möllhausen, Balduin (1825-1905)	Die Mandanenwaise : ELTeC ausgabe	DEU042	de
1869	Spielhagen, Friedrich (1823-1911)	Hammer und Amboß : ELTeC ausgabe	DEU043	de
1876	Dahn, Felix (1834-1912)	Kampf um Rom : ELTeC ausgabe	DEU044	de
1855	Stifter, Adalbert (1805-1868)	Witiko : ELTeC ausgabe	DEU045	de
1879	Fontane, Theodor (1819-1898)	Grete Minde : ELTeC ausgabe	DEU046	de
1862	François, Louise von (1817-1893)	Judith die Kluswirtin : ELTeC ausgabe	DEU047	de
1872	Freytag, Gustav (1816-1895)	Die Ahnen : ELTeC ausgabe	DEU048	de
NA	Raabe, Wilhelm (1831-1910)	Die Leute aus dem Walde, ihre Sterne, Wege und Schicksale : ELTeC ausgabe	DEU049	de
1867	Raabe, Wilhelm (1831-1910)	Abu Telfan oder Die Heimkehr vom Mondgebirge : ELTeC ausgabe	DEU050	de
1885	Fontane, Theodor (1819-1898)	Unterm Birnbaum : ELTeC ausgabe	DEU051	de
1880	Spyri, Johanna (1827-1901)	Heidis Lehr- und Wanderjahre : ELTeC ausgabe	DEU052	de
1884	Fontane, Theodor (1819-1898)	Graf Petöfy : ELTeC ausgabe	DEU053	de
1898	May, Karl (1842-1912)	Am Jenseits : ELTeC ausgabe	DEU054	de
1890	Bahr, Hermann (1836-1934)	Die gute Schule : ELTeC ausgabe	DEU055	de
1889	Conradi, Hermann (1862-1890)	Adam Mensch : ELTeC ausgabe	DEU056	de
1896	Dohm, Hedwig (1831-1919)	Sibilla Dalmar : ELTeC ausgabe	DEU057	de
1880	"Ebner-Eschenbach, Marie von
               (1830-1916)"	Lotti, die Uhrmacherin : ELTeC ausgabe	DEU058	de
1887	Fontane, Theodor (1819-1898)	Irrungen, Wirrungen : ELTeC ausgabe	DEU059	de
1897	Janitschek, Maria (1859-1927)	Die Amazonenschlacht : ELTeC ausgabe	DEU060	de
1888	Bleibtreu, Karl (1859-1928)	Größenwahn: ELTeC ausgabe	DEU061	de
1895	Polenz, Wilhelm von (1861-1903)	Der Büttnerbauer : ELTeC ausgabe	DEU062	de
1894	Dohm, Hedwig (1831-1919)	Wie Frauen werden : ELTeC ausgabe	DEU063	de
1892	Christen, Ada (1839-1901)	Jungfer Mutter : ELTeC ausgabe	DEU064	de
1897	Spielhagen, Friedrich (1823-1911)	Zum Zeitvertreib : ELTeC ausgabe	DEU065	de
1897	Fontane, Theodor (1819-1898)	Der Stechlin : ELTeC ausgabe	DEU066	de
1895	Ganghofer, Ludwig (1855-1920)	Schloß Hubertus : ELTeC ausgabe	DEU067	de
1898	Spitteler, Carl (1845-1925)	Conrad : ELTeC ausgabe	DEU068	de
1888	Kretzer, Max (1854-1941)	Meister Timpe : ELTeC ausgabe	DEU069	de
1882	Fontane, Theodor (1819-1898)	Schach von Wuthenow : ELTeC ausgabe	DEU070	de
1886	Fontane, Theodor (1819-1898)	Cécile : ELTeC ausgabe	DEU071	de
1887	Raabe, Wilhelm (1831-1910)	Im alten Eisen : ELTeC ausgabe	DEU072	de
1899	Dohm, Hedwig (1831-1919)	Schicksale einer Seele : ELTeC ausgabe	DEU073	de
1889	Boy-Ed, Ida (1852-1928)	Fanny Förster : ELTeC ausgabe	DEU074	de
1896	Janitschek, Maria (1859-1927)	Ninive : ELTeC ausgabe	DEU075	de
1907	Wassermann, Jakob (1873-1934)	Caspar Hauser : ELTeC ausgabe	DEU076	de
1903	"Reventlow, Franziska Gräfin zu
               (1871-1918)"	Ellen Olestjerne : ELTeC ausgabe	DEU077	de
1919	Essig, Hermann (1878-1918)	Der Taifun : ELTeC ausgabe	DEU078	de
1910	Rilke, Rainer Maria (1875-1926)	Die Aufzeichnungen des Malte Laurids Brigge : ELTeC ausgabe	DEU079	de
1907	Keyserling, Eduard von (1855-1918)	Dumala : ELTeC ausgabe	DEU080	de
1907	May, Karl (1842-1912)	Und Friede auf Erden! : ELTeC ausgabe	DEU081	de
1915	Braun, Lily (1865-1916)	Lebenssucher : ELTeC ausgabe	DEU082	de
1913	Sack, Gustav (1885-1916)	Paralyse : ELTeC ausgabe	DEU083	de
1909	May, Karl (1842-1912)	Ardistan und Dschinnistan II : ELTeC ausgabe	DEU084	de
1914	Ganghofer, Ludwig (1855-1920)	Der Ochsenkrieg : ELTeC ausgabe	DEU085	de
1905	"Meysenbug, Malwida Freiin von
               (1861-1903)"	Himmlische und irdische Liebe : ELTeC ausgabe	DEU086	de
1902	Heyking, Elisabeth von (1861-1925)	Briefe, die ihn nicht erreichten : ELTeC ausgabe	DEU087	de
1906	Fontane, Theodor (1819-1898)	Mathilde Möhring : ELTeC ausgabe	DEU088	de
1909	Wille, Bruno (1860-1928)	Die Abendburg : ELTeC ausgabe	DEU089	de
1912	"Reventlow, Franziska Gräfin zu
               (1871-1918)"	Von Paul zu Pedro : ELTeC ausgabe	DEU090	de
1918	Schnitzler, Arthur (1862-1931)	Casanovas Heimfahrt : ELTeC ausgabe	DEU091	de
1923	Sudermann, Hermann (1857-1928)	Jons und Erdme : ELTeC ausgabe	DEU092	de
1920	Christ, Lena (1881-1920)	Madam Bäurin : ELTeC ausgabe	DEU093	de
1908	Schnitzler, Arthur (1862-1931)	Der Weg ins Freie : ELTeC ausgabe	DEU094	de
1918	Ball, Hugo (1886-1927)	Flammetti : ELTeC ausgabe	DEU095	de
1915	Meyrink, Gustav (1868-1932)	Der Golem : ELTeC ausgabe	DEU096	de
1911	Keyserling, Eduard von (1855-1918)	Wellen : ELTeC ausgabe	DEU097	de
1913	"Reventlow, Franziska Gräfin zu
               (1871-1918)"	Herrn Dames Aufzeichnungen : ELTeC ausgabe	DEU098	de
1914	Christ, Lena (1881-1920)	Mathias Bichler : ELTeC ausgabe	DEU099	de
NA	"Ebner-Eschenbach, Marie von
               (1830-1916)"	Agave : ELTeC ausgabe	DEU100	de
1840	Trollope, Frances Milton (1780-1863)	The Life and Adventures of Michael Armstrong : ELTeC edition	ENG18400_Trollope	en
1841	Sinclair, Catherine (1800-1864)	Modern Flirtations: or, A Month at Harrowgate : ELTeC edition	ENG18410_Sinclair	en
1844	"Tupper, Martin Farquhar
                                                  (1810-1889)."	"The Twins: A Domestic Novel : ELTeC
                                                  edition"	ENG18411_Tupper	en
1844	Disraeli, Benjamin (1804-1881)	Coningsby: or, The New Generation : ELTeC edition	ENG18440_Disraeli	en
1846	"Reynolds, George William McArthur
     (1814-1879)"	The mysteries of London : ELTeC edition	ENG18460_Reynolds	en
1847	Aguilar, Grace (1816-1847)	Home Influence: A Tale for Mothers and Daughters : ELTeC edition	ENG18470_Aguilar	en
1847	Brontë, Emily (1818-1848)	Wuthering Heights : ELTeC edition	ENG18471_Bronte	en
1848	Thackeray, William Makepeace (1811-1863)	Vanity Fair: A Novel without a Hero: ELTeC edition	ENG18480_Thackeray	en
1848	Gaskell, Elizabeth Cleghorn (1810-1865)	Mary Barton: A Tale of Manchester Life : ELTeC edition	ENG18482_Gaskell	en
1849	Skene, Felicia (1821-1899)	The Inheritance of Evil : ELTeC edition	ENG18490_Skene	en
1850	Ainsworth, William Harrison (1805-1822)	Auriol, or The elixir of life : ELTeC edition	ENG18500_Ainsworth	en
1851	Kingsley, Charles (1819-1875)	Yeast: A Problem : ELTeC edition	ENG18510_Kingsley	en
1853	Dickens, Charles (1812-1870)	Bleak House : ELTeC edition	ENG18530_Dickens	en
1853	Yonge, Charlotte Mary (1823-1901)	The Heir of Redclyffe : ELTeC edition	ENG18531_Yonge	en
1854	Dickens, Charles (1812-1870)	Hard Times: For These Times : ELTeC edition	ENG18540_Dickens	en
1856	Kavanagh, Julia (1824-1877).	Rachel Gray : ELTec edition : ELTeC edition	ENG18552_Kavanagh	en
1856	Yonge, Charlotte Mary (1823-1901)	The Daisy Chain : ELTeC edition	ENG18560_Yonge	en
1857	Brontë, Charlotte (1816-1855).	The Professor: A Tale : ELTec edition : ELTeC edition	ENG18570_Bronte	en
1860	Clive, Caroline Wigley (1801-1873)	Why Paul Ferroll Killed His Wife : ELTeC edition	ENG18600_Clive	en
1863	Reade, Charles (1814-1884).	Hard Cash. A matter of fact romance : ELTec edition : ELTeC edition	ENG18632_Reade	en
1864	Blackmore, Richard Doddridge (1825-1900)	Clara Vaughan : ELTeC edition	ENG18640_Blackmore	en
1864	"Stretton, Hesba [pseud Sara Smith]
                         (1832-1911)."	Fern's Hollow : ELTec edition : ELTeC edition	ENG18641_Stretton	en
1865	Trollope, Anthony (1815-1882)	Can You Forgive Her? : ELTeC edition	ENG18650_Trollope	en
1865	Yonge, Charlotte Mary (1823-1901)	The Clever Woman of the Family : ELTeC edition	ENG18651_Yonge	en
1865	Carroll, Lewis [pseud.] (1832-1898).	Alice's Adventures in Wonderland : ELTeC edition	ENG18652_Carroll	en
1866	Eliot, George [pseud.] (1819-1880)	Felix Holt, the Radical : ELTeC edition	ENG18660_Eliot	en
1866	Oliphant, Margaret (1828–1897)	Miss Marjoribanks : ELTec edition : ELTeC edition	ENG18661_Oliphant	en
1867	Ouida, [pseud.] (1839-1908)	Under Two Flags: A Story of the Household and the Desert : ELTeC edition	ENG18670_Ouida	en
1870	Oliphant, Laurence (1829-1888)	Piccadilly : ELTeC edition	ENG18700_Oliphant	en
1871	Jenkins, John Edward (1838-1910).	Ginx's Baby: His Birth and Other Misfortunes : ELTec edition : ELTeC edition	ENG18702_Jenkins	en
1872	Linton, Elizabeth Lynn (1822-1898)	The True History of Joshua Davidson : ELTeC edition	ENG18720_Lynn	en
1872	Eliot, George [pseud.] (1819-1880)	Middlemarch: ELTeC edition 	ENG18721_Eliot	en
1874	Lytton, Edward Bulwer (1803-1873)	The Parisians : ELTeC edition	ENG18741_Bulwer	en
1874	Trollope, Anthony (1815-1882)	Harry Heathcote of Gangoil : ELTec edition : ELTeC edition	ENG18742_Trollope	en
1876	Collins, Wilkie (1824-1889)	The Two Destinies: A Romance : ELTeC edition	ENG18760_Collins	en
1877	Mallock, William Hurrell (1849-1923)	The New Republic : ELTeC edition	ENG18770_Mallock	en
1882	Anstey, F. [pseud.] (1856-1934)	Vice Versa: or, A Lesson to Fathers : ELTeC edition	ENG18820_Anstey	en
1883	Broughton, Rhoda (1840-1920)	Belinda: A Novel : ELTeC edition	ENG18830_Broughton	en
1883	Ouida, [pseud.] (1839-1908)	Folle-Farine : ELTeC edition	ENG18831_Ouida	en
1884	Lee, Vernon (1856-1935)	Miss Brown : ELTeC edition	ENG18840_Lee	en
1885	White, William Hale (1831-1913).	Mark Rutherford's Deliverance : ELTec edition : ELTeC edition	ENG18850_Rutherford	en
1886	Hardy, Thomas (1840-1928).	"The Mayor of Casterbridge: The Life and Death of a Man of Character : ELTeC
     edition"	ENG18860_Hardy	en
1887	Barry, William Francis (1849-1930)	The New Antigone: A Romance : ELTeC edition	ENG18870_Barry	en
1887	Broughton, Rhoda (1840-1920)	Red as a rose is she : ELTeC edition	ENG18871_Broughton	en
1887	Lyall, Edna [pseud.] (1857-1903).	The Autobiography of a Slander : ELTeC edition	ENG18872_Lyall	en
1888	Ward, Humphry, Mrs. (1851-1920)	Robert Elsmere : ELTec edition : ELTeC edition	ENG18880_Ward	en
1889	Nesbit, Edith (1858-1924)	The Prophet's Mantle : ELTeC edition	ENG18890_Nesbit	en
1890	Broughton, Rhoda (1840-1920)	Alas! A Novel : ELTeC edition	ENG18901_Broughton	en
1891	Yeats, William Butler (1865–1939)	John Sherman and Dhoya : ELTeC edition	ENG18910_Yeats	en
1891	Gissing, George (1857-1903).	New Grub Street: A Novel : ELTeC edition	ENG18911_Gissing	en
1892	Grossmith, George (1847-1912)	The diary of a nobody : ELTeC edition	ENG18920_Grossmith	en
1893	Benson, Edward Frederic (1867-1940).	Dodo: A Detail of the Day : ELTeC edition	ENG18930_Benson	en
1893	Harraden, Beatrice (1864-1936).	Ships that Pass in the Night : ELTec edition : ELTeC edition	ENG18931_Harraden	en
1894	Dixon, Ella Hepworth (1855-1932)	The Story of a Modern Woman : ELTeC edition	ENG18940_Dixon	en
1894	Caird, Mona (1854-1932)	The Daughters of Danaus : ELTeC edition	ENG18941_Caird	en
1895	Cross, Victoria (1868-1952)	The Woman Who Didn't : ELTeC edition	ENG18950_Cross	en
1895	Ward, Humphry, Mrs. (1851-1920)	The Story of Bessie Costrell : ELTeC edition	ENG18951_Ward	en
1895	Wells, Herbert George (1866-1946)	The Time Machine: An Invention : ELTeC edition	ENG18952_Wells	en
1895	MacDonald, George (1824-1905).	Lilith; A Romance : ELTec edition : ELTeC edition	ENG18953_Macdonald	en
1895	Sharp, Evelyn (1869-1955)	At the Relton Arms : ELTec edition : ELTeC edition	ENG18954_Sharp	en
1896	Malet, Lucas (1852-1931)	The Carissima : ELTeC edition	ENG18960_Malet	en
1897	Phillpotts, Eden (1862-1960)	Lying Prophets: ELTeC edition	ENG18970_Phillpots	en
1897	Cholmondeley, Mary (1859-1925).	A Devotee: An Episode in the Life of a Butterfly : ELTec edition : ELTeC edition	ENG18973_Cholmondeley	en
1898	Baring-Gould, Sabine (1834-1924)	Domitia : ELTeC edition	ENG18980_BaringGould	en
1900	Glyn, Elinor (1864-1943).	The Visits of Elizabeth : ELTeC edition	ENG19001_Glyn	en
1900	Fowler, Ellen Thorneycroft (1860-1929).	The Farringdons : ELTeC edition	ENG19004_Fowler	en
1900	Steel, Flora Annie (1847-1929).	The Hosts of the Lord : ELTeC edition	ENG19005_Steel	en
1901	Mason, Alfred Edward Woodley (1865-1948)	Clementina : ELTeC edition	ENG19010_Mason	en
1901	Jerome, Jerome K. (1859-1927)	The Observations of Henry : ELTec edition : ELTeC edition	ENG19011_Jerome	en
1902	Nesbit, Edith (1858-1924)	The Red House : ELTeC edition	ENG19020_Nesbit	en
1906	Nesbit, Edith (1858-1924)	The Story of the Amulet : ELTeC edition	ENG19060_Nesbit	en
1907	Machen, Arthur (1867-1947)	The Hill of Dreams: ELTeC edition	ENG19070_Machen	en
1907	Silberrad, Una Lucy (1872-1955). 	The good comrade : ELTeC edition	ENG19071_Silberrad	en
1908	Chesterton, Gilbert Keith (1874-1936)	The man who was Thursday : ELTeC edition	ENG19080_Chesterton	en
1909	Wells, Herbert George (1866-1946)	Tono-bungay: ELTeC edition	ENG19090_Wells	en
1909	Ward, Humphry, Mrs. (1851-1920)	Daphne, or Marriage a la Mode : ELTeC edition	ENG19091_Ward	en
1910	Forster, Edward Morgan (1879-1970)	Howards End : ELTeC edition	ENG19100_Forster	en
1911	Hornung, Ernest William (1866-1921)	The Camera Fiend : ELTeC edition	ENG19111_Hornung	en
1912	Wells, Herbert George (1866-1946)	Marriage : ELTeC edition	ENG19120_Wells	en
1912	Belloc-Lowndes, Marie (1868-1947)	The Chink in the Armour : ELTec edition : ELTeC edition	ENG19121_Belloc	en
1917	Conrad, Joseph (1857-1924)	The shadow-line: ELTec edition : ELTeC edition	ENG19170_Conrad	en
1918	Lewis, Percy Wyndham (1882-1957)	Tarr : ELTeC edition	ENG19180_Lewis	en
1918	West, Rebecca [pseud. Cicily Isabel Fairfield] (1892-1983)	The Return of the Soldier : ELTec edition : ELTeC edition	ENG19181_West	en
1919	Benson, Stella (1892-1933)	Living Alone : ELTeC edition	ENG19190_Benson	en
1919	Hamilton, Cicely (1872-1952)	William — an Englishman: ELTeC edition	ENG19191_Hamilton	en
1919	Woolf, Virginia (1882-1941)	Night and day: ELTeC edition	ENG19192_Woolf	en
1919	Arlen, Michael [pseud.] (1857-1924)	The London venture : ELTeC edition	ENG19201_Arlen	en
1845	Disraeli, Benjamin (1804-1881)	Sybil, Or the Two Nations : ELTeC edition	ENG18450_Disraeli	en
1848	Dickens, Charles (1812-1870)	Dombey and Son : ELTeC edition	ENG18481_Dickens	en
1855	Trollope, Anthony (1815-1882)	The Warden : ELTeC edition	ENG18551_Trollope	en
1861	Eliot, George [pseud.] (1819-1880)	Silas Marner: The Weaver of Raveloe : ELTeC edition	ENG18610_Eliot	en
1862	Braddon, Mary Elizabeth (1835-1915).	Lady Audley's Secret : ELTeC edition	ENG18621_Braddon	en
1862	Craik, Dinah Marie (1826-1887)	Mistress and Maid : ELTeC edition	ENG18630_Craik	en
1874	Ouida, [pseud.] (1839-1908)	Two Little Wooden Shoes: A Sketch : ELTeC edition	ENG18740_Ouida	en
1880	Disraeli, Benjamin (1804-1881)	Endymion : ELTeC edition	ENG18800_Disraeli	en
1890	Doyle, Arthur Conan (1678-1799)	The Sign of Four : ELTeC edition	ENG18900_Doyle	en
1896	Griffiths, Major Arthur George Frederick (1838-1908).	The Rome Express : ELTeC edition	ENG18961_Griffiths	en
1897	Morris, William (1834-1896)	The water of the wondrous isles: ELTeC edition	ENG18972_Morris	en
1915	Buchan, John (1875-1940)	The Thirty-nine Steps: ELTeC edition	ENG19150_Buchan	en
1920	Lawrence, David Herbert (1885-1930)	Women in love : ELTeC edition	ENG19200_Lawrence	en
1860	Adam, Juliette (1836-1936)	Mon Village : édition ELTeC	FRA00101_Adam	fra
1883	Adam, Juliette (1836-1936)	Païenne : édition ELTeC	FRA00102_Adam	fra
1910	Audoux, Marguerite (1863-1937)	Marie-Claire : édition ELTeC	FRA00201_Audoux	fra
1858	Aimard, Gustave (1818-1883)	Les Trappeurs de l'Arkansas : édition ELTeC	FRA00301_Aimard	fra
1894	Aimard, Gustave (1818-1883)	Belle rivière : édition ELTeC	FRA00302_Aimard	fra
1902	Allais, Alphonse (1829-1871)	Le Captain Cap : édition ELTeC	FRA00401_Allais	fra
1853	Balzac, Honoré de (1799-1850)	Albert Savarus : édition ELTeC	FRA00501_Balzac	fra
1851	Balzac, Honoré de (1799-1850)	Le cousin Pons : édition ELTeC	FRA00502_Balzac	fra
1854	Balzac, Honoré de (1799-1850)	Le curé de village : édition ELTeC	FRA00503_Balzac	fra
1881	Boisgobey, Fortuné du (1821-1891)	Le crime de l'omnibus : édition ELTeC	FRA00601_Boisgobey	fra
1886	Boisgobey, Fortuné du (1821-1891)	Rubis sur l'ongle : édition ELTeC	FRA00602_Boisgobey	fra
1852	Carraud, Zulma (1796-1889)	La petite Jeanne : édition ELTeC	FRA00701_Carraud	fra
1843	Dash, Comtesse [Gabrielle Anna de Cisternes de Courtiras, vicomtesse de Saint-Mars] (1804-1872)	Le château de Pinon I : édition ELTeC	FRA00801_Dash	fra
1868	Daudet, Alphonse (1840-1897)	Le petit chose : édition ELTeC	FRA00901_Daudet	fra
1919	Delarue-Mardrus, Lucie (1874-1945)	Toutoune et son amour : édition ELTeC	FRA01002_DelarueMardrus	fra
1890	Dombre, Roger [Marguerite Sisson / Marguerite Ligeron] (1859-1914)	Une pupille gênante : édition ELTeC	FRA01101_Dombre	fra
1889	Dombre, Roger [Marguerite Sisson / Marguerite Ligeron] (1859-1914)	Folla : édition ELTeC	FRA01102_Dombre	fra
1868	Féval, Paul Henri Corentin [dit Paul Féval père] (1816-1887)	Le Cavalier Fortune : édition ELTeC	FRA01201_Feval	fra
1857	Féval, Paul Henri Corentin [dit Paul Féval père] (1816-1887)	Les Errants de nuit : édition ELTeC	FRA01202_Feval	fra
1845	Féval, Paul Henri Corentin [dit Paul Féval père] (1816-1887)	le Loup blanc : édition ELTeC	FRA01203_Feval	fra
1869	Flaubert, Gustave (1821-1880)	L'Éducation sentimentale : édition ELTeC	FRA01301_Flaubert	fra
1857	Flaubert, Gustave (1821-1880)	Madame Bovary : édition ELTeC	FRA01302_Flaubert	fra
1862	Flaubert, Gustave (1821-1880)	Salammbô : édition ELTeC	FRA01303_Flaubert	fra
1877	Fleuriot, Zénaïde (1829-1890)	Un enfant gâté : édition ELTeC	FRA01401_Fleuriot	fra
1874	Fleuriot, Zénaïde (1829-1890)	En congé : édition ELTeC	FRA01402_Fleuriot	fra
1881	Fleuriot, Zénaïde (1829-1890)	Alberte : édition ELTeC	FRA01403_Fleuriot	fra
1912	France, Anatole (1844-1924)	Les dieux ont soif: édition ELTeC	FRA01501_France	fra
1887	Gautier, Judith (1845-1917)	La Sœur du Soleil : édition ELTeC	FRA01601_GautierJ	fra
1893	Gautier, Judith (1845-1917)	Fleurs d'Orient : édition ELTeC	FRA01602_GautierJ	fra
1900	Gautier, Judith (1845-1917)	Les Princesses d'Amour : courtisanes japonaises : édition ELTeC	FRA01603_GautierJ	fra
1847	Gautier, Théophile (1800-1872)	Militona : édition ELTeC	FRA01701_GautierT	fra
1844	Gay, Marie Françoise Sophie (1776-1852)	Ellenore : édition ELTeC	FRA01801_Gay	fra
1869	Gaboriau, Émile (1832-1873)	Monsieur Lecoq : édition ELTeC	FRA01902_Gaboriau	fra
1912	Gilbert, Jehan (1880-1940)	Vers le pôle en aéroplane : édition ELTeC	FRA02001_Gilbert	fra
1854	Girardin, Delphine de [Delphine Gay] (1804-1855)	Marguerite, ou Deux amours : édition ELTeC	FRA02101_Girardin	fra
1888	Gouraud, Julie [Louise d'Aulnay] (1810-1891)	Quand je serai grande : édition ELTeC	FRA02201_Gouraud	fra
1867	Gouraud, Julie [Louise d'Aulnay] (1810-1891)	Le petit colporteur : édition ELTeC	FRA02202_Gouraud	fra
1876	Gouraud, Julie [Louise d'Aulnay] (1810-1891)	Les Filles du professeur : édition ELTeC	FRA02203_Gouraud	fra
1888	Gréville, Henry [Alice Marie Céleste Fleury, dite Durand] (1842-1902)	La seconde mère : édition ELTeC	FRA02301_Greville	fra
1878	Gréville, Henry [Alice Marie Céleste Fleury, dite Durand] (1842-1902)	L'amie : édition ELTeC	FRA02302_Greville	fra
1878	Gréville, Henry [Alice Marie Céleste Fleury, dite Durand] (1842-1902)	Ariadne : édition ELTeC	FRA02303_Greville	fra
1904	Le Rouge, Gustave (1867-1938)	L'Esclave amoureuse : édition ELTeC	FRA02401_LeRouge	fra
1883	Loti, Pierre (1850-1923)	Mon frère Yves : édition ELTeC	FRA02501_Loti	fra
1869	Malot, Hector (1830-1907)	Romain Kalbris : édition ELTeC	FRA02601_Malot	fra
1878	Malot, Hector (1830-1907)	Sans famille : édition ELTeC	FRA02602_Malot	fra
1888	Malot, Hector (1830-1907)	Conscience : édition ELTeC	FRA02603_Malot	fra
1885	Maupassant, Guy de (1850-1893)	Bel-Ami : édition ELTeC	FRA02701_Maupassant	fra
1883	Maupassant, Guy de (1850-1893)	Une Vie : édition ELTeC	FRA02702_Maupassant	fra
1883	Mirbeau, Octave (1848-1917)	La Maréchale : édition ELTeC	FRA02802_Mirbeau	fra
1903	Noailles, Anna de (1876-1933)	La nouvelle espérance : édition ELTeC	FRA02901_Noailles	fra
1885	Ohnet, Georges (1848-1918)	La Grande Marnière : édition ELTeC	FRA03001_Ohnet	fra
1890	Ohnet, Georges (1848-1918)	L'Âme de Pierre : édition ELTeC	FRA03002_Ohnet	fra
1894	Ohnet, Georges (1848-1918)	Le Marchand de Poison : édition ELTeC	FRA03003_Ohnet	fra
1852	Ponson du Terrail, Pierre Alexis (1829-1871)	La baronne trépassée : édition ELTeC	FRA03101_Ponson	fra
1887	Blandy, Stella (1836-1925)	Rouzétou : édition ELTeC	FRA03201_Blandy	fra
NA	Rattazzi, Marie [Marie-Lætitia Bonaparte-Wyse] (1831-1902)	Le piège aux maris : édition ELTeC	FRA03302_Rattazzi	fra
1855	Reybaud, Fanny [Hippolyte Arnaud] (1802-1871)	Mademoiselle de Malepeire : édition ELTeC	FRA03401_Reybaud	fra
1913	Proust, Marcel (1871-1922)	Du côté de chez Swann : édition ELTeC	FRA03601_Proust	fra
1872	Sand, George [Amantine Lucile Aurore Dupin] (1804-1876)	Nanon : édition ELTeC	FRA03701_Sand	fra
1867	Sand, George [Amantine Lucile Aurore Dupin] (1804-1876)	Le dernier amour : édition ELTeC	FRA03702_Sand	fra
1840	Sand, George [Amantine Lucile Aurore Dupin] (1804-1876)	Horace : édition ELTeC	FRA03704_Sand	fra
1846	Stern, Daniel [Marie d'Agoult] (1805-1876)	Nélida : édition ELTeC	FRA03802_Stern	fra
1878	Stolz, Madame de [Fanny de Bégon] (1820-1898)	Le Secret de Laurent : édition ELTeC	FRA03903_Stolz	fra
1878	Verne, Jules (1828-1905)	Un capitaine de quinze ans : édition ELTeC	FRA04001_Verne	fra
1898	Verne, Jules (1828-1905)	Le Secret de Wilhelm Storitz : édition ELTeC	FRA04002_Verne	fra
1863	Erckmann, Émile (1822-1899)	Madame Thérèse, ou les volontaires de 92 : édition ELTeC	FRA04102_Erckmann	fra
1912	Rolland, Romain (1866-1944)	Jean-Christophe : édition ELTeC	FRA04202_Rolland	fra
1847	Achard, Amédée (1814-1875)	Belle-Rose : édition ELTeC	FRA04301_Achard	fra
1916	Barbusse, Henri (1873-1935)	Le Feu : édition ELTeC	FRA04401_Barbusse	fra
1908	Barrès, Maurice (1862-1923)	Colette Baudoche : édition ELTeC	FRA04501_Barres	fra
1907	Bazin, René (1853-1932)	Le blé qui lève : édition ELTeC	FRA04601_Bazin	fra
1919	Bourget, Paul (1852-1935)	Laurence Albani : édition ELTeC	FRA04701_Bourget	fra
1909	Corday, Michel (1869-1937)	Les révélées : édition ELTeC	FRA04801_Corday	fra
1845	Dumas, Alexandre [Dumas père] (1802-1870)	Reine Margot : édition ELTeC	FRA04901_Dumas	fra
1904	Eekhoud, Georges (1854-1927)	L'autre vue : édition ELTeC	FRA05101_Eekhoud	fra
1856	Feuillet, Octave (1821-1890)	La petite Comtesse : édition ELTeC	FRA05201_Feuillet	fra
1906	Galopin, Arnould (1865-1934)	Le Docteur Omega : édition ELTeC	FRA05301_Galopin	fra
1849	Kock, Paul de (1793-1871)	Madeleine : édition ELTeC	FRA05401_Kock	fra
1910	Lermina, Jules (1839-1915)	L'effrayante aventure : édition ELTeC	FRA05501_Lermina	fra
1904	Lesueur, Daniel (1854-1921)	Masque d'Amour : édition ELTeC	FRA05602_Lesueur	fra
1857	Maquet, Auguste (1812-1888)	La Maison du baigneur : édition ELTeC	FRA05702_Maquet	fra
1912	Mille, Pierre (1864-1941)	Louise et Barnavaux : édition ELTeC	FRA05801_Mille	fra
1907	Moselly, Emile (1870-1918)	Terres lorraines : édition ELTeC	FRA05901_Moselly	fra
1902	Rebell, Hugues (1867-1905)	Les Nuits chaudes du Cap français : édition ELTeC	FRA06001_Rebell	fra
1848	Sandeau, Jules (1811-1883)	Mademoiselle de la Seiglière : édition ELTeC	FRA06101_Sandeau	fra
1845	Viel-Castel, Horace de (1802-1864)	Archambaud de Comborn : édition ELTeC	FRA06201_Viel-Castel	fra
1884	de Montépin, Xavier (1839-1915)	La porteuse de pain : édition ELTeC	FRA06301_Montepin	fra
1876	Chandeneux, Claire de [Bérenger, Louise Lucienne Emma] (1836-1881)	Les Ménages militaires : édition ELTeC	FRA06401_Chandeneux	fra
1897	Gyp [Mirabeau, Sibylle Riquetti de] (1849-1932)	Totote : édition ELTeC	FRA06501_Gyp	fra
1902	Péladan, Joséphin [Joseph-Aimé Péladan] (1858-1918)	Modestie et vanité, roman (La décadence latine, éthopée, XVI) : édition ELTeC	FRA06601_Peladan	fra
1882	Uchard, Mario (1824-1893)	La Buveuse de perles : édition ELTeC	FRA06701_Uchard	fra
1861	Vaillant, Victor (1815-1885)	L'Elzévir de maroquin rouge : édition ELTeC	FRA06801_Vaillant	fra
1879	Vignon, Claude [Marie-Noémi Cadiot] (1828-1888)	Révoltée ! : édition ELTeC	FRA06901_Vignon	fra
1892	Mendès, Catulle (1841-1909)	Lucignole : édition ELTeC	FRA07001_Mendes	fra
1856	Blondel, Adèle (1841-1909)	Élise, ou l'éducation particulière : édition ELTeC	FRA07101_Blondel	fra
1886	Montagne, Édouard (1830-1899)	Les Affamés de Londres : édition ELTeC	FRA07201_Montagne	fra
1853	Valgand, Cécile de [Piolenc, Cécile Marchand-Caruë, Mise de]	Blondine, roman nouveau : édition ELTeC	FRA07301_Valgand	fra
1910	Leblanc, Maurice (1864-1941)	813 (Huit-Cent-Treize) : édition ELTeC	FRA07401_Leblanc	fra
1897	Darien, Georges (1862-1921)	Le Voleur : édition ELTeC	FRA07501_Darien	fra
1913	Leroux, Gaston (1868-1927)	La Reine du Sabbat : édition ELTeC	FRA07601_Leroux	fra
1894	Anonymous	Roșcan Haiducul. Nuvelă ilustrată cu două gravuri: ELTeC edition	ROM001	rom
1894	Bălănescu, Simion (?-?)	Blestemul. Sfârșitul blestemului: Ediție ELTeC	ROM002	rom
1870	Eminescu, Mihai (1850-l889)	Geniu Pustiu: ediție ELTeC	ROM003	rom
1908	Dumbravă, Bucura [Fany Seculici/ Fanny Szeculicz](1868-l926)	Haiducul: ELTeC edition	ROM004	rom
1883	Macri, Panait (1863-l932)	Ghiță Cătănuță, căpitan de haiduci: ediție ELTeC	ROM005	rom
1873	Popescu, N.D. (1843-l921)	Iancu Jianu, Haiducul: ediție ELTeC	ROM006	rom
1892	Stoenescu, Stefan (psedo?)	Corbea. Istorie originală ilustrată cu 7 gravuri: ediție ELTeC	ROM007	rom
1882	Popescu, N.D. (1843-l921)	Boierii haiduci. Nuvela originală compusă de N.D. Popescu cu patru ilustrațiuni: ediție ELTeC	ROM008	rom
1906	Macedonski, Alexandru (1854-l920)	THALASSA: ediție ELTeC	ROM009	rom
1894	Vlahuță, Alexandru (1858-l919)	Dan: ediție ELTeC	ROM010	rom
1872	Grandea, Grigore H. (1843-l897)	Fulga sau ideal și real: ediție ELTeC	ROM011	rom
1887	Grandea, Grigore H. (1843-l897)	Vlăsia sau ciocoii noi: ediție ELTeC	ROM012	rom
1865	Ionescu, Radu (1834-l872)	La Gura sobei: ediție ELTeC	ROM013	rom
1865	Ionescu, Radu (1834-l872)	Catastihul amorului: ediție ELTeC	ROM014	rom
NA	Ionescu, Radu (1834-l872)	Don Juanii din București: ediție ELTeC	ROM015	rom
1855	Bolintineanu, Dimitrie (1819-l872)	Manoil: ediție ELTeC	ROM016	rom
1862	Bolintineanu, Dimitrie (1819-l872)	Elena. Roman original de datine politic filosofic: ediție ELTeC	ROM017	rom
1864	Bolintineanu, Dimitrie (1819-l872)	Doritorii nebuni: ediție ELTeC	ROM018	rom
1920	Demetrius, V. (1878-l942)	Matei Dumbărău. Roman: ediție ELTeC	ROM019	rom
1920	Demetrius, V. (1878-l942)	Oraşul bucuriei. Roman: ediție ELTeC	ROM020	rom
1920	Demetrius, V. (1878-l942)	Păcatul Rabinului. Roman: ediție ELTeC	ROM021	rom
1894	MACRI, P. (1863-l932)	HAIDUCUL TANDURA. SCRIERE ORIGINAL, CU ADAUSE SI MODIFICARI: ediție ELTeC	ROM022	rom
1892	Ighel, Ilie (1870-l938)	Tîlharul Fulger. Roman criminal: ediție ELTeC	ROM023	rom
1912	Dumbravă, Bucura (1868-l926)	Pandurul. Ediția VIII-a: ediție ELTeC	ROM024	rom
1862	Bujoreanu, Ioan M. (1834-l899)	Mistere din București: ediție ELTeC	ROM025	rom
1899	Macri, P. Panait (1863-l932)	Bostan. Haiduc de peste Milcov: ediție ELTeC	ROM026	rom
1896	Baronzi, G. (1828-l896)	Fontana zânelor: ediție ELTeC	ROM027	rom
1898	Nottara, Constantin I.A. (1872-l923)	Suflete obosite: ediție ELTeC	ROM028	rom
1881	Xenopol, Nicolae (1859-l917)	BRAZI SI PUTREGAIU. MORAVURI PROVINCIALE: ELTeC edition	ROM029	rom
1903	Ianculescu de Reus, Eugenia (1866-l938)	Spre desrobire. Roman: ELTeC Edition	ROM030	rom
1861	Aricescu, C.D. (1823-l886)	Mysterele Casatoriei: ediție ELTeC	ROM031	rom
1890	Rădulescu, G. (Rădulescu-Niger, N.G?) (1861-l944)	Banditul Rîureanu sau un înger în infern. Roman dramatic senzațional de G. Rădulescu: ediție ELTeC	ROM032	rom
1920	Anonymous	Ruxanda Haiduciasa. Nuvelă Istorică Națională: ediție ELTeC	ROM033	rom
1855	Boerescu, C. (1836-l908)	Aldo si Aminta: ediție ELTeC	ROM034	rom
1908	Hodoş, Constanţa (1861-l934)	Martirii. Roman: ELTeC Edition	ROM035	rom
1902	Ianculescu de Reus, Eugenia(1866-l938)	Voinţă. Roman: ELTeC Edition	ROM036	rom
1903	Popescu, N.D. (1843-l921)	Radu Anghel, Căpitan de Tâlhari: ediție ELTeC	ROM037	rom
1902	Dragomirescu, Iuliu (1880-l949)	Cele şapte candeli. Pe Catafalc. Roman creştin: ELTeC Edition	ROM038	rom
1882	P., D.D [pseudo]	Codreanu Mare Haiduc National: ediție ELTeC	ROM039	rom
1912	Gheorghiu, Smaranda, pseudo: Smara (1857-l944)	Fata Tatii. Roman de moravuri: ELTeC Edition	ROM040	rom
1873	NEGRUZZI, IACOB (1842-l932)	MIHAI VEREANU: ELTeC edition	ROM041	rom
1906	Sandu-Aldea, C. (1874-l927)	Două neamuri: ELTeC Edition	ROM042	rom
1858	Dumitrescu, Ioan (1830-l912)	Radu Buzesku: editie ELTeC	ROM043	rom
1873	Pelimon, A.(1822-l881)	UNU FUNCTIONARU SINUCISU. FRATELE SI SORA: ELTeC edition	ROM044	rom
1863	Filimon, Nicolae(1819-l865)	"CIOCOII VECHI ŞI NOI SAU „CE NAŞTE DIN PISICĂ ŞOARECI MĂNÂNCĂ""!. Romanţ original: ELTeC edition"	ROM045	rom
1855	Urechia, V.A. (1834-l901)	Logofătul Baptiste Veleli. Episod istoric din secolul al XVIII lea: ELTeC edition	ROM046	rom
1903	Prasin, Spiru(1864-l904)	CALEA ROBILOR: ELTeC edition	ROM047	rom
1891	Pop-Florantin, Ioan (1843-l936)	Avram Iancu, regele Carpaţilor, continuatorul operii lui Horia. Roman istoric, după publicaţiuni şi comunicări date de martori oculari şi părtaşi la lupte: ediție ELTeC	ROM048	rom
1882	Pop-Florantin, Ioan (1843-l936)	Decebal. Nuvelă istorică: ELTeC edition	ROM049	rom
1885	Pop-Florantin, Ioan (1843-l936)	Horea. Roman original (după actele istorice publicate de A. Papiu, A. Odobescu, N. Densușianu, și tradiție): ediție ELTeC	ROM050	rom
1855	Urechia, V. A (1834-l901)	COLIBA MĂRIUCĂI. Roman naţional: ediție ELTeC	ROM051	rom
1907	Zamfirescu, Duiliu (1858-l922)	TĂNASE SCATIU. Roman: ediție ELTeC	ROM052	rom
1902	Zamfirescu, Duiliu (1858-l922)	În Războiu. Roman: ediție ELTeC	ROM053	rom
1904	Becescu-Silvan, Gh. (1875-l924)	VALEA ALBĂ. Roman eroic. 1476: ediție ELTeC	ROM054	rom
1906	Becescu-Silvan, Gh. (1875-l924)	Pentru Neatîrnare 1877-78. Roman răsboinic: ediție ELTeC	ROM055	rom
1904	Rosetti, Radu (1853-l926)	Cu paloșul. Poveste vitejască din vremea descălecatului Moldovei: ediție ELTeC	ROM056	rom
1912	Rosetti, Radu (1853-l926)	Păcatele Sulgeriului: ediție ELTeC	ROM057	rom
NA	Alexandrescu, Alexandru I.	Misterul din Turnul Eiffel sau resbunarea unei principese ruse: ELTeC edition	ROM058	rom
1907	Nadejde, Sofia (1856-l946)	Părinți și Copii. Roman: ediție ELTeC	ROM059	rom
1903	Nadejde, Sofia (1856-l946)	Patimi. Roman din viața românească: ediție ELTeC	ROM060	rom
1906	Nadejde, Sofia (1856-l946)	Robia banului. Roman: ediție ELTeC	ROM061	rom
1887	Mille, Constantin (1861-l927)	DINU MILIAN: ediție ELTeC	ROM062	rom
1898	Antemireanu, Alexandru (1877-l910)	DIN VREMEA LUI CĂPITAN COSTACHE: ediție ELTeC	ROM063	rom
1909	Caliga, George (1878-?)	Misterul morţei Jeanei Cristescu: ediție ELTeC	ROM064	rom
1920	Lovinescu, E. (1881-l943)	Lulù. Roman: ELTeC Edition	ROM065	rom
1913	Xenopol, Adela (1861-l939)	Pe urma războiului. Roman: ELTeC Edition	ROM066	rom
NA	Petriceicu Hasdeu, Bogdan (1838-l907)	Ursita: ediție ELTeC	ROM067	rom
NA	Radulescu-Niger, N. (1861-l944)	Orfanii neamului. Roman Naționalist: ediție ELTeC	ROM068	rom
NA	Speranția, Th. (1856-l929)	Fete de Azi: ediție ELTeC	ROM069	rom
1920	Gheorghiu, Smaranda, pseudo: Smara (1857-l944)	Băiatul Mamii. Roman Educativ: ELTeC Edition	ROM070	rom
1906	Slavici, Ioan (1848-l925)	Mara. Roman: ELTeC Edition	ROM071	rom
1902	Slavici, Ioan (1848-l925)	Din Bĕtrânĭ. Narațiune istorică: ELTeC Edition	ROM072	rom
1920	Slavici, Ioan (1848-l925)	Din două lumi. Narațiune: ELTeC Edition	ROM073	rom
1910	Moruzi, Dumitru C. (1850-l914)	Înstrăinaţii: ELTeC Edition	ROM074	rom
1914	Moruzi, Dumitru C. (1850-l914)	Moartea lui Cain. Roman social: ELTeC Edition	ROM075	rom
1920	Rebreanu, Liviu (1885-l944)	Ion: ELTeC Edition	ROM076	rom
1914	Agârbiceanu, Ion (1882-l963)	Arhanghelii: ELTeC Edition	ROM077	rom
1912	Moruzi, Dumitru C. (1850-l914)	Pribegi în Ţară Răpită. ROMAN SOCIAL BASARABEAN: ELTeC Edition	ROM078	rom
1904	Vulcan, Petru (1866-l922)	Armânda: ELTeC Edition	ROM079	rom
1883	Alexi, Theohar (1843-l912)	Babeta. Roman original: ELTeC Edition	ROM080	rom
1916	Bart, Jean/ Botez, Eugeniu P. (1874-l933)	DATORII UITATE. Documente omenești. Nuvele: ELTeC Edition	ROM081	rom
1906	Bacaloglu, Elena (1878-l947)	În luptă: ELTeC Edition	ROM082	rom
1918	Cassvan, Sarina (1894-l978)	Între artă și iubire. Roman: ELTeC Edition	ROM083	rom
1899	Anestin, Victor (1875-l918)	În anul 4000 sau o călătorie la Venus: ELTeC Edition	ROM084	rom
1911	Teodoru, Olimpia [Olteo] ()	Un proces pierdut. Roman social: ELTeC Edition	ROM085	rom
1871	Miller, Theodor A. ()	IN JASSY: ediție ELTeC	ROM086	rom
1916	Mestugean, V. (1869-l942)	Getta. Roman: ediție ELTeC	ROM087	rom
1899	Iorgulescu, Aurel (1880-?)	Prostituata (Roman): ediție ELTeC	ROM088	rom
1875	Fundescu, I. C. (1836-l904)	Scarlat. Romanu originalu: ediție ELTeC	ROM089	rom
1908	Lecca, Irina G. (1881-l953)	Dreptul Vieței. Roman: ELTeC Edition	ROM090	rom
1920	Lecca, Irina G. (1881-l953)	Marcu Ulpiu Traian Stănoiu. Roman: ELTeC Edition	ROM091	rom
1910	Lecca, Irina G. (1881-l953)	Pe urma dragostei. Roman: ELTeC Edition	ROM092	rom
1911	Zamfirescu, Duiliu (1858-l922)	Anna (Ceea ce nu se poate). Roman: ELTeC edition	ROM093	rom
1903	Moldovan, Vasile E. (1881-l924)	Dușmănie. Roman: ediție ELTeC	ROM094	rom
1862	Baronzi, George (1828-l896)	Misterele Bucurescilor: ediție ELTeC	ROM095	rom
1853	Pelimon, A. (1822-l881)	Hotii si Hagiul: editie ELTeC	ROM096	rom
1860	Ghica, Pantazi (1831-l882)	Un boem român: ediție ELTeC	ROM097	rom
1871	Aricescu,C.D. (1823-l886)	Sora Agapia saŭ Călugăria şi Căsătoria: editie ELTeC	ROM098	rom
1876	Vulcan,Iosif (1841-l907)	Ranele natiunii: editie ELTeC	ROM099	rom
1863	Pelimon, A. (1822-l881)	Jidovul Cămătar: editie ELTeC	ROM100	rom
1852	Атанацковић, Богобој (1826-1858)	Два идола : ELTeC издање	SRP18520_BogobojA_DvaIdola	srp
1859	Игњатовић, Јаков (1822-1889)	Ђурађ Бранковић : историческиј роман : ELTeC издање	SRP18590_JakovI_DjuradjB	srp
1862	Игњатовић, Јаков (1822-1889)	Једна женидба : слика из живота : ELTeC издање	SRP18620_JednaZenidba	srp
1863	Игњатовић, Јаков (1822-1889)	Милан Наранџић : ELTeC издање	SRP18630_JakovI_MilanN	srp
1863	Ђорђевић, Владан (1844-1930)	Кочина крајина : историјски роман : ELTeC издање	SRP18631_VladanDj_KocinaKrajna	srp
1868	Грчић, Јован Миленко (1846-1875)	"У гостионици код ""Полу-звезде"" на имендан шантавог торбара : Приповетка из народног живота : ELTeC издање"	SRP18680_JovanGM_UGostionici	srp
1869	Ђорђевић, Владан (1844-1930)	Гмунденско језеро : путничка новела : ELTeC издање	SRP18690_GmundenskoJezero	srp
1869	Поповић, Панта (1843-1918)	Какав је ко онако му и бива : приповетка из народна живота / написао за народ Панта Поповић : ELTeC издање	SRP18691_PantaP_KakavJeKo	srp
1874	Суботић, Јован (1817-1886)	Калуђер : истина и поезија : ELTeC издање	SRP18730_JovanS_Kaludjer	srp
1874	Јакшић, Ђура (1832-1878)	Сељаци : приповетка из сеоског живота, из године 1857. : ELTeC издање	SRP18740_DjuraJ_Seljaci	srp
1875	Јакшић, Ђура (1832-1878)	Сирота Банаћанка : ELTeC издање	SRP18741_DjuraJ_Banacanka	srp
1875	Игњатовић, Јаков (1822-1889)	Васа Решпект : ELTeC издање	SRP18750_JakovI_VasaRespekt	srp
1875	Глишић, Милован (1847-1908)	Глава шећера : ELTeC издање	SRP18751_MilivanG_GlavaSecera	srp
1875	 Радуловић, Пера (????-????)	Без оца и мајке : ELTeC издање	SRP18752_PeraR_BezOcaMajke	srp
1876	Јакшић, Ђура (1832-1878)	Чича Тима : приповетка из учитељског живота : ELTeC издање	SRP18760_DjuraJ_CicaTima	srp
1878	Михајловић, Бранко [Љубиша Бранковић] (1857-1918)	Пред зору : роман у два дела : ELTeC издање	SRP18780_BrankoM_PredZoru	srp
1879	Милићевић, Милан Ђ. (1831-1908)	Јурмуса и Фатима или Турска сила сама себе једе: прича о ослобођењу шест округа 1832-1834 : ELTeC издање	SRP18790_MilanDjM_JurmusaFatima	srp
1879	Барунчић, Коста (????-????)	Пастир краљ или Ослобођење Србије : историјска приповетка / написао К. Б. : ELTeC издање	SRP18791_KostaB_PastirKralj	srp
1879	Милићевић, Милан Ђ. (1831-1908)	Хајдуци : биљешке с пута по Рујну : ELTeC издање	SRP18792_MilanDjM_Hajduci	srp
1879	Јеремић, Јован (1860-1931)	Љубав и патриотизам : ELTeC издање	SRP18793_JovanJ_LjubavPatriot	srp
1880	Комарчић, Лазар (1833-1909)	Драгоцена огрлица: прича у своје време : ELTeC издање	SRP18800_DragocenaOgrlica	srp
NA	Гавриловић, Драга (1854-1917)	Из учитељичког живота : ELTeC издање	SRP18840_DraginjaG_IzUcitZivota	srp
1886	Милићевић, Милан Ђ. (1831-1908)	Омер Челебија : приповијетка из живота српскога народа : ELTeC издање	SRP18860_MilanDjM_OmerCelebija	srp
1887	Гавриловић, Драга (1854-1917)	Бабадевојка : ELTeC издање	SRP18870_DraginjaG_Babadevojka	srp
1887	Комарчић, Лазар (1833-1909)	Мој кочијаш : слике 1883 године : ELTeC издање	SRP18871_LazarK_MojKocijas	srp
1888	Поповић-Шапчанин, Милорад (1847-1895) 	Сањало : ELTeC издање	SRP18880_Sapcanin_Sanjalo	srp
1888	Марковић Адамов, Павле (1855-1907)	Дух времена сад је таки! : ELTeC издање	SRP18881_PavleMA_DuhVremena	srp
1888	Поповић, Стеван В. (1845-1918)	Шумарева ћерка : приповетка из српскога живота / написао С. В. Поповић : ELTeC издање	SRP18882_StevanVP_SumarevaCerka	srp
1888	Игњатовић, Јаков (1822-1889)	Патница : роман : ELTeC издање	SRP18883_JakovI_Patnica	srp
1889	Гавриловић, Драга (1854-1917)	Девојачки роман : ELTeC издање	SRP18890_DraginjaG_DevRoman	srp
1889	Веселиновић, Јанко М. (1862-1905)	Борци : роман из сеоског живота. Свеска 1 : ELTeC издање	SRP18891_JankoV_Borci	srp
1889	Тодоровић, Пера (1852-1907)	Силазак с престола : роман / написао Карио Амурели : ELTeC издање	SRP18892_PeraTod_SilazakSPrestola	srp
1891	Мијатовић, Чедомиљ (1842-1932)	Иконија везирова мајка: приповетка из XVII века : ELTeC издање	SRP18910_CyedomirM_Ikonija	srp
1891	Јевтић, Стеван Ј. (1854-1904)	Даница : роман из београдског живота : ELTeC издање	SRP18911_StevanJJ_Danica	srp
1892	Рогић, Душан (1855-????)	Србин и Хрватица или љубав и народност : роман : Из народносних размирица Срба и Хрвата у Загребу : ELTeC издање	SRP18921_DusanR_SrbinHrvatica	srp
1892	 Матавуљ, Симо (1852-1908)	Бакоња фра-Брне : његово ђаковање и постриг : ELTeC издање	SRP18922_SimoM_Bakonja	srp
1892	Тодоровић, Пера (1852-1907)	Београдске тајне : историски роман из српске прошлости, с краја прошлог века!. Св. 1 : ELTeC издање	SRP18923_NN_BeogradskeTajne	srp
1893	Гавриловић, Андра (1864-1929)	Прве жртве: приповетка из српске прошлости : ELTeC издање	SRP18930_AndraG_PrveZrtve	srp
1888	Веселиновић, Јанко М. (1862-1905)	Сељанка : приповетка из сеоског живота : ELTeC издање	SRP18932_JankoV_Seljanka	srp
1893	Тодоровић, Пера (1852-1907)	Смрт Карађорђева : историски роман из недавне прошлости : ELTeC издање	SRP18933_PeraTod_SmrtKaradjordja	srp
1893	Комарчић, Лазар (1833-1909)	Један разорен ум : ELTeC издање	SRP18934_LazarK_1RazorenUm	srp
1893	Јовичић, Живојин (1837-1908)	Робињица Злата : приповетка из прошлости : ELTeC издање	SRP18935_RobinjicaZlata	srp
1894	Сретеновић, Михаило (1866-1934)	Радетића Мара: приповетка из сеоскога живота : ELTeC издање	SRP18940_MihailoS_RadeticaMara	srp
1894	Сремац, Стеван (1855-1906)  	Поп Ћира и поп Спира : приповетка : ELTeC издање	SRP18941_StevanS_PopViraPopSpira	srp
1894	Радовић, Димитрије (????-????)	Синовац : оригинални роман : ELTeC издање	SRP18942_DimitijeR-Sinovac	srp
1895	Сремац, Стеван (1855-1906)  	Ивкова слава : приповетка : ELTeC издање	SRP18950_StevanS_IvakovaSlava	srp
1895	Светолик, Владимир	Кажњено неверство : најновији роман : ELTeC издање	SRP18951_VladimirS_KaznjenoNeverstvo	srp
1896	Мамузић, Стеван (????-????)	Неједнака браћа : приповетка за народ : ELTeC издање	SRP18961_StevanM_NejednakaBraca_corr_20201221	srp
1896	Веселиновић, Јанко М. (1862-1905)	Хајдук Станко : историјски роман : ELTeC издање	SRP18963_Hajduk_Stanko	srp
1896	Гавриловић, Андра (1864-1929)	Деспотова властела : роман из српске прошлости : ELTeC издање	SRP18964_AndraG_DespotovaVlastela	srp
1896	Петровић, Коста (1858-1928)	Неимари : роман из новије српске историје : ELTeC издање	SRP18965_KostaP_Neimari_saKrajem	srp
1896	Томић, Јаша (1856-1922)	Назарени : роман : ELTeC издање	SRP18966_JasaT_Nazareni	srp
1897	Матијашић, Стеван М. (????-????)	Грофица Агнеша Јанковић : роман : ELTeC издање	SRP18970_StevanMat_GroficaAgnesa	srp
1897	Ранковић, Светолик (1863-1899)	Горски цар : роман : ELTeC издање	SRP18971_SvetolikR_GorskiCar	srp
1898	Лазаревић, Лаза К. (1851-1891)	Швабица : ELTeC издање	SRP18980_LazaL_Svabica	srp
1899	Мијатовић, Чедомиљ (1842-1932)	Кнез Градоје од Орлова Града : приповетка из времена боја на Косову : ELTeC издање	SRP18990_MijatovicCy_KnezGradoje	srp
1899	Станковић, Борисав (1876-1927)	Увела ружа : ELTeC издање	SRP18991_BorisavS_UvelaRuza	srp
1899	Јањић, Велислав (????-????)	Лутајуће душе : приповетка за поуку : намењено задругарству : ELTeC издање	SRP18992_VelislavJ_LutajuceDuse	srp
1899	Ранковић, Светолик (1863-1899)	Сеоска учитељица : роман : ELTeC издање	SRP18993_SvetolikR_SeoskaUciteljica	srp
1900	Ранковић, Светолик (1863-1899)	Порушени идеали : роман : ELTeC издање	SRP19000_SvetolikR_PoruseniIdeali	srp
1900	Тутуновић, Радојица В. (????-????)	Миланово школовање : ELTeC издање	SRP19001_MilanovoSkolovanje	srp
1900	Кара-Радовановић, Павле (????-????)	Крвави злочин у браку без љубави : ELTeC издање	SRP19002_KrvaviZlocin	srp
1901	Поповић, Тодор Љ. (1870-1957)	Гила : новела из сеоског живота : ELTeC издање	SRP19010_TodorP_Gila	srp
1901	Вулетић-Вукасовић, Вид (1853-1933)	Причек Цара Душана у Дубровнику год. 1349. : историчка новела из XIVв. : ELTeC издање	SRP19011_VidVV_CarDubrovnik	srp
1901	Димитријевић, Јелена (1862–1945)	Ђул-Марикина прикажња : приповетка : ELTeC издање	SRP19012_JelenaD_DjulMarika	srp
1902	Нушић, Бранислав (1864-1938)	Општинско дете: роман једног одојчета : ELTeC издање	SRP19021_BranislavN_OpstinskoDet	srp
1902	Ранковић, Драгутин Ј. (1882-1956)	Славко : ELTeC издање	SRP19023_DragutinR_Slavko	srp
1902	Тасић, Димитрије С. (????-????)	Харамбаша Мицко : српски војвода и заточеник у Фесану : ELTeC издање	SRP19024_MickoHarambasa	srp
1902	Домановић, Радоје М. (1873-1908)	Страдија. 1 : ELTeC издање	SRP19025_RadojeD_Stradija	srp
1903	Костић, Тадија П. (1863-1927)	Прво весеље : приповетка : ELTeC издање	SRP19030_PrvoVeselje	srp
1903	Савић, Божа (1862-1927)	Две сестре или Самоубиство једне шваље : слика из београдског живота : ELTeC издање	SRP19031_BozaS_DveSestre	srp
1897	 Илић, Драгутин Ј. (1858–1926)	Хаџи-Ђера : приповетка : ELTeC издање	SRP19040_DragutinI_Djera	srp
1904	Ћипико, Иво (1869-1923)	За крухом : ELTeC издање	SRP19041_IvoC_ZaKruhom	srp
1905	Ћоровић, Светозар (1875-1919)	Женидба Пере Карантана : ELTeC издање	SRP19051_SvetozarC_ZenidbaPK	srp
1906	Талетов, Пера С. (1875-1955)	Новац : роман из београдског живота : ELTeC издање	SRP19060_PeraT_Novac	srp
1906	 Илић, Драгутин Ј. (1858–1926)	Хаџи-Диша : роман из живота старог Београда : ELTeC издање	SRP19061_DragutinI_HadziDisa	srp
1906	 Јездић, Коста Д. (1853-1930)	Злочин једне свекрве : криминална приповетка : из скоре прошлости / по аутентичним податцима и судским актима написао К. Д. Јездић : ELTeC издање	SRP19062_KostaJ_ZlocinSvekrve	srp
1906	Тунгуз-Перовић, Радован (1879-1944)	Из земље плача : ELTeC издање	SRP19063_RadovanTPN_ZemljaPlaca	srp
1903	Димитријевић, Јелена (1862–1945)	Фати-султан : ELTeC издање	SRP19070_JelenaD_FatiSultan	srp
1907	"Сремац, Стеван (1855-1906)
                    
                "	Зона Замфирова : приповетка : ELTeC издање	SRP19071_StevanS_ZonaZ	srp
1908	Петровић, Бошко Ст. (1869-1913)	Модерно робље : роман из живота босанских Срба : ELTeC издање	SRP19080_ModernoRoblje	srp
1909	Ћипико, Иво (1869-1923)	Пауци : ELTeC издање	SRP19090_IvoC_Pauci	srp
1909	Динић, Сретен (1875-1949)	Препорођај : ELTeC издање	SRP19091_SretenD_Preporodjaj	srp
1910	Ускоковић, Милутин (1884-1915)	Дошљаци : роман : ELTeC издање	SRP19100_MilutinU_Dosljaci	srp
1910	Станковић, Борисав (1876-1927)	Нечиста крв : ELTeC издање	SRP19101_BorisavS_NecistaKrv	srp
1910	Миодраговић, Јован (1854-1926)	Радиша или какав нам учитељ треба на селу : ELTeC издање	SRP19102_JovanM_Radisa	srp
1912	Димитријевић, Јелена (1862–1945)	Нове : роман : ELTeC издање	SRP19120_JelenaD-Nove	srp
1912	Милићевић, Вељко М. (1886-1929)	Беспуће : ELTeC издање	SRP19121_VeljkoM_Bespuce	srp
1913	Новаковић, Стојан (1842-1915)	Калуђер и хајдук : приповетка о последњим данима Србије у XV веку : ELTeC издање	SRP19130_StojanN_KaludjerHajduk	srp
1913	Ђорђевић, Владан (1844-1930)	У фронт : приповетка из живота једног бившег краља : ELTeC издање	SRP19131_VladanDj_UFront	srp
1913	Ћоровић, Светозар (1875-1919)	Јарани : приповетка : ELTeC издање	SRP19132_SvetozarC_Jarani	srp
1914	Ускоковић, Милутин (1884-1915)	Чедомир Илић : роман : ELTeC издање	SRP19140_MilutinU_CedomirIlic	srp
1914	Ђуричић, Младен Ст. (1889-1987)	Кад шуме таласи : ELTeC издање	SRP19141_MladenDj_KadSumeTalasi	srp
1918	Јанковић, Милица (1881-1939)	Пре среће : ELTeC издање	SRP19180_MilicaJ_PreSrece	srp
1918	Петровић, Драгомир С.	Војник Стојан : недовршен ратни роман : ELTeC издање	SRP19181_DragomirSP_VojnikStojan	srp
1919	Секулић, Исидора (1877-1958)	Ђакон Богородичине цркве : ELTeC издање	SRP19190_IsidoraS_Djakon	srp
1919	Ћоровић, Светозар (1875-1919)	У ћелијама : ELTeC издање	SRP19192_SvetozarC_Ucelijama	srp
1920	Шишковић, Драгомир (????-????)	Један од многих : роман из престоничког живота : ELTeC издање	SRP19200_DragomirS_JedanOd	srp
1920	Нушић, Бранислав (1864-1938)	Деветсто петнаеста : трагедија једног народа : ELTeC издање	SRP19201_BranislavN_1915	srp
1920	Суботић, Каменко (1870-1932)	Легија смрти : роман из Балканског рата 1912/1913. (написао Бранислав Јуришић) : ELTeC издање	SRP19203_KamenkoS_LegijaSmrti	srp
1841	 Квітка-Основ'яненко, Григорій (1778-1843)	Сердешна Оксана : ELTeC видання	UKR18411_KvitkaSerdeshnaOksana	ukr
1857	Куліш, Пантелеймон (1819-1897)	Чорна рада, хроніка 1663 року : ELTeC видання	UKR18571_KulishChornaRada	ukr
1858	 Квітка-Основ'яненко, Григорій (1778-1843)	Конотопська відьма : ELTeC видання	UKR18581_KvitkaKonotopskaVidma	ukr
1858	 Квітка-Основ'яненко, Григорій (1778-1843)	Козир-дівка : ELTeC видання	UKR18582_KvitkaKozyrDivka	ukr
1858	Вовчок, Марко [Марія Вілінська] (1833-1907)	Козачка : ELTeC видання	UKR18583_VovchokKozachka	ukr
1861	Нечуй-Вітер, А. [Олександра Куліш-Білозерська] (1828-1911)	Не було змалку - не буде й до'станку : ELTeC видання	UKR18611_KulishBilozerskaNeBuloZmalku	ukr
1862	Вовчок, Марко [Марія Вілінська] (1833-1907)	Інститутка : ELTeC видання	UKR18621_VovchokInstytutka	ukr
1862	Вовчок, Марко [Марія Вілінська] (1833-1907)	Від себе не втечеш : ELTeC видання	UKR18622_VovchokVidSebeNeVtechesh	ukr
1865	Вовчок, Марко [Марія Вілінська] (1833-1907)	Дев'ять братів і десята сестриця Галя : ELTeC видання	UKR18651_VovchokDeviatBrativ	ukr
1872	Мирний, Панас [Панас Рудченко] (1849-1920)	Лихий попутав. Оповідання : ELTeC видання	UKR18722_MyrnyiLykhyiPoputav	ukr
1873	Федькович, Юрій (1834-1888)	Фармазони : ELTeC видання	UKR18731_FedkovychFarmazony	ukr
1875	Яковенко, О. [Олександр Кониський] (1836-1900)	Семен Жук і його родичі. Хроніка : ELTeC видання	UKR18751_KonyskyiSemenZhuk	ukr
1877	Барвінок, Василь [Володимир Барвінський] (1850-1883)	Скошений цвіт (Виїмок з галицьких образків) : ELTeC видання	UKR18771_BarvinokSkoshenyiTsvit	ukr
1879	Стороженко, Олекса (1806-1874)	Марко Проклятий. Поема : ELTeC видання	UKR18791_StorozhenkoMarkoProkliatyi	ukr
1880	Мирний, Панас [Панас Рудченко] (1849-1920)	Хіба ревуть воли, як ясла повні? Роман з народнього життя : ELTeC видання	UKR18801_MyrnyiKhibaRevutVoly	ukr
1883	Франко, Іван (1856-1916)	Захар Беркут : Образ громадського життя Карпатської Русі в XIII віці : ELTeC видання	UKR18831_FrankoZakharBerkut	ukr
1884	Франко, Іван (1856-1916)	Boa constrictor : Повість : ELTeC видання	UKR18841_FrankoBoaConstrictor	ukr
1887	Пчілка, Олена [Ольга Косач] (1849-1930)	Товаришки : Оповідання : ELTeC видання	UKR18871_PchilkaTovaryshky	ukr
1894	Українка, Леся [Лариса Косач] (1871-1913)	Жаль. Оповідання : ELTeC видання	UKR18941_UkrainkaZhal	ukr
1894	Кобилянська, Ольга (1863-1942)	Людина. Повість з життя жіночого : ELTeC видання	UKR18942_KobylianskaLiudyna	ukr
1895	Кримський, Агатангел (1871-1942)	Не порозуміються. (Оповідання). : ELTeC видання	UKR18951_KrymskyiNePorozumiiutsia	ukr
1898	Мордовець, Данило [Данило Мордовцев] (1830-1905)	Дві долі. Повість : ELTeC видання	UKR18981_MordovetsDviDoli	ukr
1899	Кониський, Олександр (1836-1900)	Хвора душа (споминки баби Оришки Прядчихи) : ELTeC видання	UKR18991_KonyskyiKhvoraDusha	ukr
1899	Кониський, Олександр (1836-1900)	Баба Явдоха : ELTeC видання	UKR18992_KonyskyiBabaIavdokha	ukr
NA	Левицький, Іван [Іван Нечуй-Левицький](1837-1918)	Гетьман Іван Виговський. Історична повість : ELTeC видання	UKR18993_LevytskyiHetmanIvanVyhovskyi	ukr
1900	Франко, Іван (1856-1916)	Перехресні стежки : ELTeC видання	UKR19001_FrankoPerekhresniStezhky	ukr
1883	Грінченко, Борис (1863-1910)	Серед темної ночі : ELTeC видання	UKR19011_HrinchenkoSeredTemnoiNochi	ukr
1901	Українка, Леся [Лариса Косач] (1871-1913)	Над морем. Оповідання : ELTeC видання	UKR19012_UkrainkaNadMorem	ukr
1902	Грінченко, Борис (1863-1910)	Під тихими вербами : ELTeC видання	UKR19021_HrinchenkoPidTykhymyVerbamy	ukr
1902	Кобилянська, Ольга (1863-1942)	Земля. Оповідання : ELTeC видання	UKR19022_KobylianskaZemlia	ukr
1902	Маковей, Осип (1867-1925)	Клопоти Савчихи : ELTeC видання	UKR19023_MakoveiKlopotySavchykhy	ukr
1902	Романова, Одарка (1853-1922)	Акула. Оповідання : ELTeC видання	UKR19024_RomanovaAkula	ukr
1905	Чернявський, Микола (1868-1938)	Vae victis!.. (Оповідання) : ELTeC видання	UKR19051_CherniavskyiVaeVictis	ukr
1905	Українка, Леся [Лариса Косач] (1871-1913)	Приязнь (Оповідання з життя волинського Полісся) : ELTeC видання	UKR19052_UkrainkaPryiazn	ukr
1909	Кобилянська, Ольга (1863-1942)	В неділю рано зілля копала. (Оповідання) : ELTeC видання	UKR19091_KobylianskaVNediliuRanoZilliaKopala	ukr
1909	Мирний, Панас [Панас Рудченко] (1849-1920)	Дурниця. Оповіданнє : ELTeC видання	UKR19092_MyrnyiDurnytsia	ukr
1910	Грінченко, Борис (1863-1910)	Брат на брата. Оповідання : ELTeC видання	UKR19101_HrinchenkoBratNaBrata	ukr
1911	 Тесленко, Архип (1882-1911)	Страчене життє : ELTeC видання	UKR19111_TeslenkoStracheneZhyttie	ukr
1911	Хоткевич, Гнат (1878-1938)	Камінна душя : ELTeC видання	UKR19112_KhotkevychKaminnaDushia	ukr
1911	Воробкевич, Сидір (1836-1903)	Месть чорногорця. Образ з минувшости сербських чорногорців : ELTeC видання	UKR19113_VorobkevychMestChornohortsia	ukr
1912	Коцюбинський, Михайло (1864-1913)	Тіні забутих предків. : ELTeC видання	UKR19121_KotsiubynskyiTiniZabutykhPredkiv	ukr
1912	Яцків, Михайло (1873-1961)	Блискавиці. Суспільна студія : ELTeC видання	UKR19122_IatskivBlyskavytsi	ukr
1917	Мартович, Лесь (1871-1916)	Забобон. Повість : ELTeC видання	UKR19171_MartovychZabobon	ukr
1917	Винниченко, Володимир (1880-1951)	Записки Кирпатого Мефістофеля. Роман : ELTeC видання	UKR19172_VynnychenkoZapyskyKyrpatohoMefistofelia	ukr
1918	Назарук, Осип (1883-1940)	Князь Ярослав Осмомисл. Історична повість : ELTeC видання	UKR19181_NazarukKniazYaroslavOsmomysl	ukr
1919	Кащенко, Адріан (1858-1921)	Борці за правду. Історичне оповідання : ELTeC видання	UKR19191_KashchenkoBortsiZaPravdu	ukr
1919	Кащенко, Адріан (1858-1921)	З Дніпра на Дунай. Оповідання з часів скасування Запорозької Січі : ELTeC видання	UKR19192_KashchenkoZDnipraNaDunai	ukr
1919	Кащенко, Адріан (1858-1921)	Під Корсунем. Історична повість : ELTeC видання	UKR19193_KashchenkoPidKorsunem	ukr
1920	Королів-Старий, Василь (1879-1943)	Чмелик. Роман для юнацтва з ілюстраціями : ELTeC видання	UKR19201_KorolivChmelyk	ukr
